file,t_mid,status,lag_s,rms_dbar,sharpness,ambiguity,n_overlap
FSA_001,1366295593.0,skip: <1800 s in water or no yo,nan,nan,nan,nan,0
FSA_002,1367387589.5,skip: <1800 s in water or no yo,nan,nan,nan,nan,0
FSA_003,1367390816.0,skip: <1800 s in water or no yo,nan,nan,nan,nan,0
FSA_004,1367393325.0,skip: <1800 s in water or no yo,nan,nan,nan,nan,0
FSA_005,1367394983.0,skip: <1800 s in water or no yo,nan,nan,nan,nan,0
FSA_006,1367398430.0,skip: <1800 s in water or no yo,nan,nan,nan,nan,0
FSA_007,1367403148.5,skip: <1800 s in water or no yo,nan,nan,nan,nan,0
FSA_008,1367403489.0,skip: <1800 s in water or no yo,nan,nan,nan,nan,0
FSA_009,1367464993.5,skip: <1800 s in water or no yo,nan,nan,nan,nan,0
FSA_010,1367474554.5,skip: <1800 s in water or no yo,nan,nan,nan,nan,0
FSA_011,1367478989.5,REFUSED: sharpness 63.7 ambiguity 1.0,-2715.75,0.19692399651328285,63.72083799097961,1.0027988344438716,1174
FSA_012,1367482730.0,skip: <1800 s in water or no yo,nan,nan,nan,nan,0
FSA_013,1367489419.0,ok,-2.0,0.16039000003700202,168.40797288971933,40.345251097830904,10264
FSA_014,1367498971.5,ok,-2.25,0.15213653107831068,174.631452677434,25.56187816435213,7067
FSB_001,1368837309.0,skip: <1800 s in water or no yo,nan,nan,nan,nan,0
FSB_002,1368837953.0,skip: <1800 s in water or no yo,nan,nan,nan,nan,0
FSB_003,1368838816.5,skip: <1800 s in water or no yo,nan,nan,nan,nan,0
FSB_004,1368919377.0,skip: <1800 s in water or no yo,nan,nan,nan,nan,0
FSB_005,1368940927.5,skip: <1800 s in water or no yo,nan,nan,nan,nan,0
FSB_006,1368942461.0,skip: <1800 s in water or no yo,nan,nan,nan,nan,0
FSB_007,1368949478.0,ok,-16.25,0.4560776126326123,120.88182502045647,86.84701644393338,7928
FSB_008,1368959438.0,ok,-16.0,0.43148491257742866,119.38491115555979,72.38527218477509,10392
FSB_009,1368970630.5,ok,-15.75,0.43901146542245495,114.7129380088471,71.76941609399981,10293
FSB_010,1368986876.0,ok,-15.75,0.42401625761407735,113.05161247409899,61.010756264865826,20322
FSB_011,1369008564.0,ok,-15.75,0.4269163619166526,109.69613273005793,54.309801007829684,20884
FSB_012,1369025068.0,ok,-16.0,0.4330678084585631,116.95381040894418,76.15336520868316,8214
FSB_013,1369035412.5,ok,-15.75,0.42750347554553453,111.16825805191958,74.72164898746581,10825
FSB_014,1369046482.5,ok,-15.25,0.4481342320266698,113.49724460861361,87.67861428551197,9623
FSB_015,1369057331.5,ok,-15.5,0.4341815159772257,115.34830219388641,72.4316267573369,10377
FSB_016,1369068202.5,ok,-15.25,0.4532666075689232,120.3167807539899,86.04448670337577,9191
FSB_017,1369078854.0,ok,-15.25,0.4150148866757175,116.96283449431334,72.67687883821503,10552
FSB_018,1369089796.0,ok,-15.0,0.4390208617364854,118.45167207820485,89.46538288608477,9604
FSB_019,1369105899.0,ok,-15.0,0.43318620038739736,108.17562548746481,61.048725257113915,20770
FSB_020,1369129652.0,ok,-15.0,0.4431013840407193,107.30447426773438,59.01393458023144,21968
FSB_021,1369152439.0,ok,-15.0,0.44683995876121796,107.87815838645541,68.29561562009525,20140
FSB_022,1369174092.5,ok,-14.75,0.4236144761644383,112.21777518775657,69.8182640500725,20773
FSB_023,1369195825.0,ok,-15.0,0.4065445170344956,115.49124099417689,40.32717546575887,20568
FSB_024,1369217339.5,ok,-14.75,0.4065610950063629,117.68226145866392,43.69086358532714,18927
FSB_025,1369238430.5,ok,-14.75,0.3952256400019281,121.73541454505178,47.77838670311539,21059
FSB_026,1369249546.0,skip: <1800 s in water or no yo,nan,nan,nan,nan,0
FSB_027,1369260702.5,ok,-14.5,0.41671158917112294,117.87355114758455,70.77697400914043,20063
FSB_028,1369282186.5,ok,-14.5,0.4238518249352144,114.40050322457216,76.32115684122853,20205
FSB_029,1369298166.0,ok,-14.5,0.5151038322351955,103.62951165122487,73.69432491933506,9312
FSB_030,1369308941.0,ok,-13.5,0.4151279868304016,127.34107363568276,92.12557661170382,9876
FSB_031,1369319755.5,ok,-14.75,0.3850368569450822,121.12890784377801,62.319099150594624,10595
FSB_032,1369326954.0,ok,-15.0,0.3876813728206358,122.67478842719488,3.7898180694585193,2588
FSB_033,1369332059.5,ok,-14.75,0.38403845311698903,140.8208105350032,97.99440997737881,5279
FSB_034,1369341113.0,ok,-14.5,0.3932496163139956,123.38907961883467,77.09390604506397,11012
FSB_035,1369352229.5,ok,-14.25,0.415411478975337,128.452921656725,90.85895138302176,9343
FSB_036,1369362890.5,ok,-14.0,0.40240176792666554,128.09392823716098,92.19029607690503,10407
FSB_037,1369373686.5,ok,-14.5,0.3963885189859702,129.12005314814232,87.62172477518195,8405
FSB_038,1369384322.5,ok,-13.75,0.40099109121206045,124.86131291079273,73.76038421119732,10759
FSB_039,1369395539.5,ok,-14.0,0.39420812224220175,127.15874963422239,83.21387745525269,10187
FSB_040,1369406218.5,ok,-14.0,0.41514960318780153,126.74215041964071,86.790173975197,9149
FSB_041,1369416938.5,ok,-13.5,0.4041690054979246,124.22111959321352,62.52490872969951,10579
FSB_042,1369426282.0,ok,-13.75,0.401812482670317,116.05220031732537,71.80225378164003,4846
FSB_043,1369437497.0,ok,-14.0,0.3849394391496331,122.14659532024598,46.257760623442074,11456
FSB_044,1369449097.0,ok,-13.5,0.4515367991331994,113.06117136986347,82.39439135958,9914
FSB_045,1369460026.5,ok,-13.75,0.3957207338831521,132.9937627712619,27.240064033324437,8523
FSB_046,1369470633.0,ok,-13.75,0.4008254581727999,126.69307413409928,80.05674758436106,10684
FSB_047,1369481512.0,ok,-13.25,0.43422719250843556,118.82726605789682,84.82988602403587,9718
FSB_048,1369492328.5,ok,-13.5,0.40120884673177387,131.02468997215763,92.19077424247483,9927
FSB_049,1369503093.5,ok,-13.25,0.40827389608319065,130.1842248419457,88.53544291583412,9675
FSB_050,1369513794.0,ok,-13.0,0.4196900463376282,128.35823950247962,82.25155111087432,9900
FSB_051,1369524631.0,ok,-13.5,0.3990052307673327,127.78965541198194,87.61720845867372,9082
FSB_052,1369530823.0,skip: <1800 s in water or no yo,nan,nan,nan,nan,0
FSB_053,1369533869.0,ok,-13.75,0.37491507604776103,106.26948666974354,17.704339318708698,2842
FSB_054,1369537490.5,ok,-13.75,0.4014457929620474,124.06991734722772,7.14427593346515,2941
FSB_055,1369540988.5,ok,-13.5,0.3895085961986451,125.6908908464681,6.1896340552802585,2749
FSB_056,1369544495.5,ok,-13.5,0.39071787933297714,126.87816450694527,9.615527950585705,2879
FSB_057,1369548170.5,ok,-13.5,0.3982835278579388,104.45712150135316,23.028006446589128,3117
FSB_058,1369551479.5,skip: <1800 s in water or no yo,nan,nan,nan,nan,0
FSB_059,1369553637.0,skip: <1800 s in water or no yo,nan,nan,nan,nan,0
KTA_001,1349307819.5,skip: <1800 s in water or no yo,nan,nan,nan,nan,0
KTA_002,1349312598.5,skip: <1800 s in water or no yo,nan,nan,nan,nan,0
KTA_003,1349314351.5,skip: <1800 s in water or no yo,nan,nan,nan,nan,0
KTA_004,1366294135.0,skip: <1800 s in water or no yo,nan,nan,nan,nan,0
