file,start_utc,n_slow,T1_min,T1_max,T1_sd,T1_frac_at_rail,T2_min,T2_max,T2_sd,T2_frac_at_rail,P_max
CPW_001,2017-08-26T22:25:47+00:00,1536,16.1489,16.1491,0.00002,1.00000,16.1501,16.1501,0.00000,1.00000,-0.20
CPW_002,2017-08-28T19:44:42+00:00,39296,16.1489,16.1490,0.00000,1.00000,16.1501,16.1501,0.00000,1.00000,0.30
CPW_003,2017-09-27T04:31:26+00:00,19840,16.1488,16.1490,0.00001,1.00000,16.1501,16.1503,0.00001,1.00000,-0.04
CPW_004,2017-09-29T17:37:09+00:00,2688,22.6609,24.1799,0.37105,0.01190,23.8809,25.4364,0.38916,0.00856,1.55
CPW_005,2017-09-29T18:08:53+00:00,6912,20.7229,20.8057,0.00703,0.07147,22.3229,22.3970,0.00729,0.16088,0.13
CPW_006,2017-09-29T18:34:32+00:00,117568,10.4805,21.3180,3.70115,0.00046,11.8550,22.8247,3.78191,0.00036,137.38
CPW_007,2017-09-29T20:31:00+00:00,61440,12.2749,22.4403,3.23734,0.00023,13.6490,23.7453,3.30985,0.00120,66.86
CPW_008,2017-09-29T21:04:31+00:00,119808,10.5117,22.6925,3.54230,0.00050,11.8758,24.3603,3.61872,0.00037,130.40
CPW_009,2017-09-29T22:20:14+00:00,313344,10.3423,22.1010,3.45144,0.00192,11.7117,23.7307,3.52550,0.00169,190.73
CPW_010,2017-09-29T23:51:19+00:00,172736,10.3307,21.7097,3.49459,0.01479,11.7013,23.3339,3.57000,0.01466,192.05
CPW_011,2017-09-30T01:00:57+00:00,608384,10.3591,21.5900,3.68769,0.01491,11.7257,23.2087,3.76700,0.01365,191.78
CPW_012,2017-09-30T03:53:31+00:00,628032,10.3853,21.5741,4.56147,0.01357,11.7508,23.1875,4.66165,0.01238,191.19
CPW_013,2017-09-30T06:50:47+00:00,663744,10.3602,21.5668,3.46275,0.00845,11.7267,23.1822,3.53705,0.00717,191.89
CPW_014,2017-09-30T10:00:00+00:00,591168,10.3612,21.5051,3.49529,0.00481,11.7263,23.1185,3.57040,0.00478,191.88
CPW_015,2017-09-30T12:48:12+00:00,671552,10.3603,21.3306,3.32641,0.03460,11.7243,22.9405,3.39783,0.03364,192.04
CPW_016,2017-09-30T15:59:25+00:00,608448,10.3598,21.3718,3.77480,0.00513,11.7260,22.9804,3.85655,0.00538,192.49
CPW_017,2017-09-30T18:54:13+00:00,653056,10.3603,21.6467,3.47894,0.00041,11.7265,23.2568,3.55385,0.00019,192.46
CPW_018,2017-09-30T22:00:29+00:00,624832,10.3625,21.6336,3.21473,0.00234,11.7297,23.2614,3.28329,0.00180,191.83
CPW_019,2017-10-01T00:57:17+00:00,624000,10.3770,21.4644,3.36854,0.01666,11.7536,23.1870,3.45996,0.01770,192.30
CPW_020,2017-10-01T03:54:49+00:00,634304,10.3963,21.4895,3.70345,0.01388,11.7697,23.1364,3.81395,0.02946,192.07
CPW_021,2017-10-01T06:49:33+00:00,655488,10.3578,21.4316,3.68484,0.03485,11.7254,23.1013,3.77928,0.02562,191.79
CPW_022,2017-10-01T09:46:41+00:00,576,21.2729,21.2825,0.00199,1.00000,22.8875,22.8959,0.00141,1.00000,0.18
CPW_023,2017-10-01T10:10:20+00:00,541632,10.3576,21.3414,3.48421,0.01048,11.7223,22.9701,3.57052,0.02196,191.71
CPW_024,2017-10-01T12:41:23+00:00,654272,10.3622,21.2964,3.11997,0.00395,11.7312,22.9153,3.19576,0.02779,192.14
CPW_025,2017-10-01T15:50:40+00:00,644992,10.3599,21.2845,3.50777,0.03907,11.7292,23.0075,3.59189,0.00057,191.67
CPW_026,2017-10-01T18:52:57+00:00,654336,10.3256,22.0232,3.62177,0.00002,11.6941,23.8072,3.70992,0.00002,191.68
CPW_027,2017-10-01T21:58:34+00:00,644672,10.2953,22.2559,3.26765,0.00060,11.6658,23.9628,3.33989,0.00040,191.66
CPW_028,2017-10-02T03:58:21+00:00,623424,10.2914,21.4953,3.66766,0.02143,11.6507,23.1052,3.74666,0.02031,192.13
CPW_029,2017-10-02T06:55:30+00:00,660864,10.2902,21.4087,3.67085,0.04267,11.6531,23.0175,3.75034,0.04259,192.41
CPW_030,2017-10-02T10:06:16+00:00,544704,10.2963,21.4072,3.58338,0.04272,11.6578,23.0234,3.66013,0.03855,191.84
CPW_031,2017-10-02T12:42:40+00:00,633728,10.2989,21.3560,3.11095,0.01643,11.6568,22.9655,3.17704,0.01635,192.40
CPW_032,2017-10-02T15:42:34+00:00,657216,10.3896,21.4333,3.43880,0.00035,11.7570,23.0689,3.51365,0.00007,191.75
CPW_033,2017-10-02T18:48:22+00:00,675520,10.2686,22.3381,3.67368,0.00001,11.6286,23.7094,3.75436,0.00008,192.20
CPW_034,2017-10-03T00:55:48+00:00,659968,10.3775,21.5364,3.21090,0.00327,11.7381,23.1496,3.27980,0.00332,191.97
CPW_035,2017-10-03T03:58:32+00:00,640064,10.3825,58.0884,17.93625,0.00048,11.7477,23.0435,3.56590,0.01412,191.86
CPW_036,2017-10-03T07:02:12+00:00,616192,10.4678,58.4578,18.15686,0.00816,11.7153,22.9528,3.80481,0.02762,192.05
CPW_037,2017-10-03T10:04:53+00:00,590656,11.0921,58.4578,9.67358,0.60696,11.7066,22.9221,3.59525,0.08681,192.68
CPW_038,2017-10-03T12:54:16+00:00,645696,9.4893,58.4578,8.69947,0.06829,11.7458,22.9211,3.16721,0.06504,192.21
CPW_039,2017-10-03T15:52:44+00:00,676672,10.3382,58.4578,12.72135,0.23471,11.7761,22.9479,3.27097,0.02520,192.26
CPW_040,2017-10-03T19:12:14+00:00,535360,12.9721,58.4578,7.25759,0.65722,11.7891,23.1905,4.01909,0.00320,192.78
CPW_041,2017-10-03T21:45:54+00:00,657088,11.2674,58.4578,9.07460,0.46155,11.5592,23.2223,3.49094,0.00407,191.89
CPW_042,2017-10-04T00:51:43+00:00,664448,10.8165,58.4578,9.98778,0.01471,11.7759,23.1265,3.20096,0.00576,191.97
CPW_043,2017-10-04T04:00:43+00:00,638784,11.1143,58.4578,12.56652,0.18016,11.8226,23.0059,3.11188,0.00833,191.98
CPW_044,2017-10-04T06:56:47+00:00,652800,11.5020,39.7284,3.30700,0.00011,11.5735,22.9145,3.53904,0.00396,192.60
CPW_045,2017-10-04T12:41:01+00:00,648960,12.8502,55.1017,5.67964,0.00138,11.5903,22.8874,2.98903,0.01753,192.23
CPW_046,2017-10-04T15:50:36+00:00,671424,10.0251,58.4578,12.41411,0.05685,11.2957,23.0300,3.21750,0.00255,192.31
CPW_047,2017-10-04T19:00:16+00:00,617664,12.6105,58.4578,6.38481,0.70822,11.4168,23.4123,3.94897,0.00028,192.58
CPW_048,2017-10-04T21:56:32+00:00,645952,11.0957,58.4578,7.67009,0.58299,11.2695,23.2371,3.72869,0.00074,192.50
CPW_049,2017-10-05T01:00:24+00:00,612096,15.1361,58.4578,2.74223,0.97463,11.3513,23.1008,3.29418,0.00554,192.21
CPW_050,2017-10-05T03:49:55+00:00,672000,23.2504,58.4578,1.21615,0.98908,11.3799,22.9579,3.05993,0.00884,192.53
CPW_051,2017-10-05T07:04:35+00:00,620864,29.3622,58.4578,0.48869,0.99579,11.3889,22.6244,3.50351,0.00441,192.81
CPW_052,2017-10-05T10:01:18+00:00,639360,17.9598,58.4578,2.92511,0.96652,11.5002,22.5442,3.58134,0.03595,192.51
CPW_053,2017-10-05T13:08:14+00:00,583360,32.1749,58.4578,0.52887,0.99611,11.5072,22.5522,3.12196,0.03495,192.07
CPW_054,2017-10-05T15:55:58+00:00,669824,18.0734,58.4578,1.93184,0.98662,11.5077,22.6703,3.03473,0.00015,192.40
CPW_055,2017-10-05T19:07:23+00:00,567040,21.3702,58.4578,3.39631,0.94910,11.4753,23.9200,3.90101,0.00003,192.76
CPW_056,2017-10-05T21:48:49+00:00,694592,58.4578,58.4578,0.00000,1.00000,11.5608,22.9947,3.55887,0.00253,192.57
CPW_057,2017-10-06T01:03:56+00:00,587456,43.9164,58.4578,0.35133,0.98388,11.5879,22.9115,3.20719,0.00294,192.51
CPW_058,2017-10-06T07:00:17+00:00,644736,51.9263,58.4578,0.19746,0.99536,11.4943,22.7756,3.24335,0.03780,192.29
CPW_059,2017-10-06T13:05:28+00:00,587392,47.3719,58.4578,0.41816,0.98751,11.6416,22.6613,3.22797,0.00839,192.23
CPW_060,2017-10-06T15:51:56+00:00,656000,40.4980,58.4578,0.34484,0.99442,11.5906,22.9875,3.02633,0.00020,192.02
CPW_061,2017-10-06T19:01:03+00:00,653568,18.4276,58.4578,5.23844,0.89853,11.5620,23.6347,3.58818,0.00020,192.65
CPW_062,2017-10-06T22:07:09+00:00,601088,30.2756,58.4578,0.80126,0.99077,11.5521,23.1424,3.62789,0.00061,192.89
CPW_063,2017-10-07T00:58:52+00:00,653056,26.6663,58.4578,3.20635,0.97709,11.6163,22.7630,3.18144,0.00356,192.58
CPW_064,2017-10-07T04:03:53+00:00,630016,33.9682,58.4578,0.31990,0.99781,11.6698,22.6800,3.00316,0.00704,192.13
CPW_065,2017-10-07T07:03:28+00:00,641600,29.5237,58.4578,0.33496,0.99589,11.5400,22.5158,3.20973,0.01164,192.42
CPW_066,2017-10-07T10:05:11+00:00,602304,42.5652,58.4578,0.11897,0.99829,11.5094,22.5177,3.74448,0.02028,192.80
CPW_067,2017-10-07T12:56:04+00:00,676352,22.7995,58.4578,1.19508,0.98614,11.4144,22.4621,3.42896,0.06581,192.43
CPW_068,2017-10-07T16:07:37+00:00,603776,19.1760,58.4578,0.82641,0.99812,11.3375,22.7975,3.01816,0.00006,192.99
CPW_069,2017-10-07T22:07:52+00:00,616960,19.0877,58.4578,3.51901,0.94446,11.5812,22.9994,3.62885,0.00123,191.73
CPW_070,2017-10-08T01:05:22+00:00,594752,58.4578,58.4578,0.00000,1.00000,11.5430,23.0958,3.23727,0.00120,192.15
CPW_071,2017-10-08T03:54:35+00:00,676288,58.4578,58.4578,0.00000,1.00000,11.3296,22.6142,3.06080,0.00638,192.24
CPW_072,2017-10-08T07:10:12+00:00,588032,31.9886,58.4578,0.38551,0.99709,11.5105,22.8480,3.54029,0.02585,192.73
CPW_073,2017-10-08T09:57:25+00:00,651904,24.8799,58.4578,0.55400,0.99908,11.6237,22.8919,3.88602,0.02287,191.84
CPW_074,2017-10-08T16:06:59+00:00,607680,29.2911,58.4578,0.89971,0.99339,11.5383,22.8411,2.95898,0.00095,192.65
CPW_075,2017-10-08T19:01:12+00:00,645184,11.4728,58.4578,4.83437,0.96703,11.5727,23.6013,3.42329,0.00004,192.85
CPW_076,2017-10-09T01:01:51+00:00,637760,58.4578,58.4578,0.00000,1.00000,11.6636,22.5366,3.27632,0.00500,192.14
CPW_077,2017-10-09T04:02:34+00:00,647936,58.4578,58.4578,0.00000,1.00000,11.4885,22.7724,3.22150,0.00639,192.40
CPW_078,2017-10-09T07:09:23+00:00,614080,25.9284,58.4578,0.76386,0.99658,11.3981,22.9078,3.48025,0.01967,192.81
CPW_079,2017-10-09T10:03:08+00:00,648256,31.7113,58.4578,0.96447,0.99176,11.6365,22.8684,3.86405,0.02070,192.35
CPW_080,2017-10-09T13:14:03+00:00,518912,17.2328,58.4578,5.96819,0.87246,11.5846,22.6904,3.60652,0.00541,192.48
CPW_081,2017-10-09T15:43:02+00:00,656000,58.4578,58.4578,0.00000,1.00000,11.5293,22.6042,3.16514,0.00056,192.45
CPW_082,2017-10-09T18:49:17+00:00,677568,32.2416,58.4578,0.64968,0.99763,11.7088,22.9907,3.26892,0.00179,192.62
CPW_083,2017-10-09T22:01:53+00:00,661824,33.1985,58.4578,0.60779,0.99655,11.6355,22.9169,3.90082,0.00021,193.12
CPW_084,2017-10-10T01:10:40+00:00,600192,58.4578,58.4578,0.00000,1.00000,11.6360,22.6310,3.58606,0.00119,192.56
CPW_085,2017-10-10T03:57:37+00:00,665472,58.4578,58.4578,0.00000,1.00000,11.6404,22.4500,3.35255,0.05341,192.14
CPW_086,2017-10-10T07:04:10+00:00,635392,58.4578,58.4578,0.00000,1.00000,11.6126,22.6273,3.39200,0.04962,192.23
CPW_087,2017-10-10T10:09:27+00:00,595840,58.4578,58.4578,0.00000,1.00000,11.6422,22.6269,3.89115,0.02531,192.69
CPW_088,2017-10-10T12:58:56+00:00,653696,58.4578,58.4578,0.00000,1.00000,11.5793,22.4738,3.86025,0.00475,191.74
CPW_089,2017-10-10T16:05:30+00:00,632704,58.4578,58.4578,0.00000,1.00000,11.5783,22.5190,3.23457,0.00028,192.98
CPW_090,2017-10-10T19:06:28+00:00,616256,56.9761,58.4578,0.17787,0.95037,11.6550,22.8639,3.44052,0.00084,192.41
CPW_091,2017-10-10T22:01:13+00:00,659776,56.7578,58.4578,0.19035,0.83618,11.4229,23.0087,4.05747,0.00135,192.39
CPW_092,2017-10-11T01:05:58+00:00,610432,58.4578,58.4578,0.00000,1.00000,11.3654,22.8753,3.95615,0.00167,191.77
CPW_093,2017-10-11T04:01:22+00:00,667712,58.4578,58.4578,0.00000,1.00000,11.3607,22.5481,3.75808,0.03013,192.68
CPW_094,2017-10-11T07:08:38+00:00,584896,54.9231,58.4578,0.35176,0.98865,11.4877,22.5234,3.54747,0.02996,192.37
CPW_095,2017-10-11T09:56:23+00:00,691456,56.9691,58.4578,0.01053,0.99987,11.3672,22.4731,3.77359,0.05249,192.25
CPW_096,2017-10-11T13:14:47+00:00,585664,58.4578,58.4578,0.00000,1.00000,11.3620,22.4288,4.18785,0.03561,191.95
CPW_097,2017-10-11T15:57:48+00:00,708288,48.5181,58.4578,2.51774,0.28722,11.3961,22.7273,3.63734,0.00000,192.28
CPW_098,2017-10-11T22:05:08+00:00,642112,47.5862,58.4578,1.31174,0.15910,11.4652,22.7895,3.98171,0.01201,193.46
CPW_099,2017-10-12T01:07:37+00:00,620160,40.4955,58.4578,2.25074,0.26580,11.5310,22.7240,4.06202,0.00198,192.15
CPW_100,2017-10-12T07:19:27+00:00,512960,27.4940,58.4578,1.25136,0.97855,11.5224,22.4564,3.45361,0.04420,192.51
CPW_101,2017-10-12T09:50:03+00:00,683200,28.8657,58.4578,1.51492,0.96020,11.4830,22.5080,3.54078,0.01915,192.61
CPW_102,2017-10-12T13:03:11+00:00,666816,28.3934,58.4578,1.10856,0.98147,11.4862,22.6653,3.95127,0.01602,192.64
CPW_103,2017-10-12T16:07:43+00:00,644480,28.0515,58.4578,1.42844,0.97633,11.4921,22.6970,3.67445,0.00039,192.33
CPW_104,2017-10-12T19:17:00+00:00,547904,27.5220,58.4578,1.37111,0.98022,11.5506,22.8243,3.61856,0.00329,192.98
CPW_105,2017-10-12T21:56:37+00:00,678208,31.1685,58.4578,0.96863,0.98358,11.5558,22.7925,3.43647,0.00514,192.68
CPW_106,2017-10-13T01:08:45+00:00,650752,33.7753,58.4578,0.53117,0.98792,11.5303,22.6683,3.94573,0.00645,191.60
CPW_107,2017-10-13T06:56:39+00:00,671680,28.6857,58.4578,1.43207,0.97178,11.5810,22.4344,3.44081,0.00073,192.34
CPW_108,2017-10-13T10:03:30+00:00,675968,26.5199,58.4578,1.74227,0.98338,11.5396,22.3598,3.42862,0.04145,192.64
CPW_109,2017-10-13T13:23:47+00:00,503296,38.2707,58.4578,0.23512,0.99856,11.3569,22.4648,3.91796,0.04278,192.01
CPW_110,2017-10-13T15:49:11+00:00,667968,43.5034,58.4578,0.25624,0.99851,11.3830,22.4404,3.75511,0.00031,192.63
CPW_111,2017-10-13T18:58:38+00:00,667008,28.2280,58.4578,0.78243,0.99274,11.4334,22.6156,3.47008,0.00028,192.32
CPW_112,2017-10-13T22:08:00+00:00,650624,30.2146,58.4578,0.50432,0.99766,11.4730,22.6818,3.26436,0.00609,192.45
CPW_113,2017-10-14T01:15:15+00:00,531136,45.2375,58.4578,0.06762,0.99988,11.4715,22.5850,3.80146,0.01046,191.75
CPW_114,2017-10-14T03:49:56+00:00,679168,28.5593,58.4578,0.96300,0.99235,11.4324,22.4929,3.80320,0.03642,192.48
CPW_115,2017-10-14T06:56:47+00:00,672064,37.0028,58.4578,0.34235,0.99865,11.3732,22.4271,3.53070,0.02778,192.82
CPW_116,2017-10-14T10:07:34+00:00,656512,36.3217,58.4578,0.56850,0.99287,11.3576,22.3870,3.52029,0.03159,192.49
CPW_117,2017-10-14T13:20:43+00:00,538880,41.5027,58.4578,0.27330,0.99888,11.3590,22.4876,4.14343,0.02884,192.46
CPW_118,2017-10-14T15:54:55+00:00,650048,41.5499,58.4578,0.15489,0.99978,11.4039,22.8536,3.93956,0.00033,192.68
CPW_119,2017-10-14T18:58:51+00:00,653824,24.9414,58.4578,0.78237,0.99812,11.6625,23.0528,3.65167,0.00012,192.76
CPW_120,2017-10-14T22:06:12+00:00,652800,36.7414,58.4578,0.37180,0.99785,11.6586,22.6866,3.41964,0.00205,192.59
CPW_121,2017-10-15T04:08:12+00:00,645824,49.4844,58.4578,0.03893,0.99989,11.6447,22.7339,3.88141,0.00692,192.52
CPW_122,2017-10-15T07:11:27+00:00,638016,34.3005,58.4578,0.32982,0.99924,11.6321,22.6387,3.62129,0.00130,192.47
CPW_123,2017-10-15T10:12:49+00:00,627392,35.6654,58.4578,0.70906,0.99106,11.5944,22.5886,3.60436,0.01858,192.87
CPW_124,2017-10-15T13:11:29+00:00,640832,35.5569,58.4578,0.62399,0.99653,11.6327,22.6934,3.73689,0.01202,192.28
CPW_125,2017-10-15T16:13:16+00:00,642624,43.1024,58.4578,0.12062,0.99974,11.5677,22.8981,3.96509,0.00043,192.70
CPW_126,2017-10-15T22:13:43+00:00,624640,40.8348,58.4578,0.10727,0.99859,11.6510,23.2715,3.65304,0.00076,191.86
CPW_127,2017-10-16T01:13:48+00:00,620416,35.0079,58.4578,0.67990,0.99681,11.6349,23.1024,3.72343,0.00023,192.32
CPW_128,2017-10-16T04:09:43+00:00,642880,31.2887,58.4578,0.74918,0.99707,11.6722,22.8869,4.14384,0.00161,192.52
CPW_129,2017-10-16T07:14:34+00:00,607168,34.4216,58.4578,0.58070,0.99593,11.6158,22.8003,4.07830,0.03587,192.25
CPW_130,2017-10-16T10:07:59+00:00,642496,33.7819,58.4578,1.19331,0.98833,11.6520,22.7346,3.71990,0.05843,193.09
CPW_131,2017-10-16T13:10:53+00:00,640384,39.8997,58.4578,0.15139,0.99888,11.6292,22.9365,3.69512,0.03222,192.87
CPW_132,2017-10-16T16:12:28+00:00,628864,39.0850,58.4578,1.63719,0.96819,11.7257,23.1869,3.98932,0.00020,193.12
CPW_133,2017-10-16T19:13:20+00:00,625024,48.2860,58.4578,0.25982,0.99682,11.5213,23.4600,4.06074,0.00064,193.03
CPW_134,2017-10-16T22:11:05+00:00,628800,27.8680,58.4578,1.41368,0.97847,11.4585,23.3292,3.89354,0.00528,192.57
CPW_135,2017-10-17T01:09:26+00:00,649600,24.3684,58.4578,0.78379,0.98965,11.4083,23.1417,3.61963,0.00736,192.63
CPW_136,2017-10-17T04:08:36+00:00,659712,29.8818,58.4578,1.25872,0.98051,11.4203,23.1250,3.93604,0.00237,192.29
CPW_137,2017-10-17T07:22:00+00:00,522816,39.7788,58.4578,0.84449,0.98840,11.3253,22.8512,4.05702,0.06424,192.48
CPW_138,2017-10-17T09:52:20+00:00,694016,34.1916,58.4578,0.79082,0.98812,11.3063,22.8556,3.71965,0.04684,192.52
CPW_139,2017-10-17T13:10:54+00:00,634048,34.0977,58.4578,0.86294,0.97738,11.3421,22.7177,3.45363,0.00716,193.11
CPW_140,2017-10-17T16:12:07+00:00,658368,53.9905,58.4578,0.08186,0.99940,11.4599,22.5730,3.62153,0.00111,192.71
CPW_141,2017-10-17T19:17:40+00:00,565248,52.4584,58.4578,0.04717,0.99979,11.3934,22.9277,4.10344,0.00083,192.67
CPW_142,2017-10-17T22:02:45+00:00,671168,52.0527,58.4578,0.04385,0.99993,11.3692,22.9139,3.70823,0.00385,192.54
CPW_143,2017-10-18T01:09:14+00:00,661568,52.6980,58.4578,0.04585,0.99981,11.4908,22.7280,3.35596,0.00093,192.47
CPW_144,2017-10-18T04:21:27+00:00,568896,47.1343,58.4578,0.22492,0.99816,11.5114,22.7416,3.78394,0.01852,192.61
CPW_145,2017-10-18T07:04:58+00:00,660160,16.8328,58.4578,0.78961,0.99604,11.4114,22.7222,3.94264,0.07517,192.59
CPW_146,2017-10-18T10:12:11+00:00,627328,28.8130,58.4578,0.48295,0.99634,11.4059,22.9306,3.90218,0.00778,192.12
CPW_147,2017-10-18T13:17:05+00:00,611712,29.5948,58.4578,0.38119,0.99855,11.3337,22.8032,3.46633,0.00573,192.60
CPW_148,2017-10-18T16:11:19+00:00,654912,30.1546,58.4578,0.51950,0.99340,11.4832,22.8104,3.51753,0.00083,192.82
CPW_149,2017-10-18T19:12:19+00:00,641088,40.6516,58.4578,0.63751,0.99218,11.2543,23.4653,4.01373,0.00003,191.96
CPW_150,2017-10-18T22:17:41+00:00,592448,31.9264,58.4578,0.95899,0.98992,11.2455,23.4859,3.87911,0.00419,192.81
CPW_151,2017-10-19T01:09:33+00:00,640512,37.5705,58.4578,0.50861,0.99081,11.2688,23.4033,3.46564,0.00025,192.50
CPW_152,2017-10-19T04:12:55+00:00,651456,41.6256,58.4578,0.36790,0.99711,11.3003,22.8316,3.34408,0.00591,192.62
CPW_153,2017-10-19T10:14:09+00:00,638656,36.5012,58.4578,1.17477,0.98291,11.4000,22.9709,3.83563,0.09976,192.15
CPW_154,2017-10-19T13:15:42+00:00,628864,24.6349,58.4578,3.62587,0.85660,11.4566,22.9286,3.34208,0.05901,192.14
CPW_155,2017-10-19T16:14:18+00:00,641344,29.9163,58.4578,1.03608,0.99209,11.4852,22.9702,3.25798,0.03475,194.41
CPW_156,2017-10-19T19:16:41+00:00,638400,30.2407,58.4578,1.83331,0.95694,11.6909,23.0530,3.88491,0.01071,192.34
CPW_157,2017-10-19T22:20:02+00:00,575104,32.2583,58.4578,0.61101,0.99329,11.5627,23.0691,3.93641,0.02984,192.86
CPW_158,2017-10-20T01:04:19+00:00,692672,30.8418,58.4578,0.76607,0.99335,11.5509,23.0242,3.43756,0.01206,192.60
CPW_159,2017-10-20T04:20:33+00:00,608256,25.5668,58.4578,0.89023,0.98997,11.5761,22.8848,3.47848,0.04408,193.24
CPW_160,2017-10-20T07:13:59+00:00,634688,36.7176,58.4578,0.43088,0.99627,11.5899,22.8490,3.83296,0.05442,192.31
CPW_161,2017-10-20T13:10:46+00:00,662272,58.4578,58.4578,0.00000,1.00000,11.5067,22.6999,3.53698,0.03443,192.32
CPW_162,2017-10-20T16:18:46+00:00,624704,58.4578,58.4578,0.00000,1.00000,11.5698,22.5842,3.37964,0.02013,192.56
CPW_163,2017-10-20T19:16:22+00:00,631360,58.4578,58.4578,0.00000,1.00000,11.5993,22.4098,3.56303,0.00833,192.45
CPW_164,2017-10-20T22:16:03+00:00,653824,58.4578,58.4578,0.00000,1.00000,11.4832,22.3372,3.66933,0.03225,192.75
CPW_165,2017-10-21T03:55:49+00:00,685696,58.4578,58.4578,0.00000,1.00000,11.4878,22.1361,3.42320,0.00555,192.70
CPW_166,2017-10-21T07:10:25+00:00,661440,58.4578,58.4578,0.00000,1.00000,11.4980,21.8357,3.45742,0.05451,192.58
CPW_167,2017-10-21T10:18:12+00:00,629184,58.4578,58.4578,0.00000,1.00000,11.4497,21.7900,3.64190,0.14192,193.07
CPW_168,2017-10-21T13:17:26+00:00,649472,42.9359,58.4578,0.25850,0.99735,11.4572,21.8450,3.54523,0.08040,193.23
CPW_169,2017-10-21T16:21:36+00:00,608384,30.2135,58.4578,1.08624,0.96844,11.5103,21.8873,3.39047,0.01381,192.30
CPW_170,2017-10-21T19:10:36+00:00,660544,42.8232,58.4578,0.11263,0.99954,11.4241,21.8967,3.06625,0.00822,193.36
CPW_171,2017-10-21T22:22:20+00:00,588480,33.8353,58.4578,0.33351,0.99799,11.3297,21.7804,3.42873,0.00289,192.98
CPW_172,2017-10-22T01:10:21+00:00,654464,31.6055,58.4578,0.69762,0.99136,11.2335,21.7436,3.29121,0.03402,193.13
CPW_173,2017-10-22T04:15:43+00:00,659968,20.2378,58.4578,1.76028,0.98322,11.1859,21.7833,3.20818,0.04437,192.62
CPW_174,2017-10-22T07:23:02+00:00,593216,23.6830,58.4578,1.56039,0.98572,11.5432,21.7437,3.22671,0.02725,193.16
CPW_175,2017-10-22T10:12:26+00:00,653952,27.6684,58.4578,0.95025,0.99312,11.5030,21.6127,3.59040,0.09088,192.79
CPW_176,2017-10-22T13:17:39+00:00,624832,29.1416,58.4578,0.88460,0.99658,11.2692,21.6035,3.50756,0.00775,193.18
CPW_177,2017-10-22T16:17:16+00:00,619712,23.8724,58.4578,1.40497,0.99224,11.2671,21.6429,3.22944,0.00136,193.30
CPW_178,2017-10-22T19:13:37+00:00,642432,25.6769,58.4578,2.35190,0.95585,11.3965,21.5980,2.92854,0.00184,192.08
CPW_179,2017-10-22T22:13:02+00:00,643712,11.7039,58.4578,3.73919,0.95333,11.5521,21.9578,2.99962,0.00309,192.81
CPW_180,2017-10-23T01:22:04+00:00,594368,17.5751,58.4578,2.61407,0.97439,11.2436,21.7791,3.04037,0.00090,193.15
CPW_181,2017-10-23T04:11:43+00:00,678400,22.5537,58.4578,1.60510,0.98378,11.1787,21.8899,3.07852,0.00726,193.58
CPW_182,2017-10-23T07:24:42+00:00,604736,17.9171,58.4578,1.51370,0.99251,11.3678,21.8838,3.01947,0.00368,193.83
CPW_183,2017-10-23T10:17:33+00:00,656768,20.8274,58.4578,2.44811,0.98266,11.6326,21.7457,3.10563,0.01264,193.32
CPW_184,2017-10-23T13:32:38+00:00,97088,36.8288,58.4578,0.82932,0.99585,12.2450,21.3966,3.25537,0.07506,110.83
CPW_185,2017-10-23T14:07:56+00:00,170368,19.9780,58.4578,3.83710,0.95198,11.6376,21.3902,3.05063,0.02745,192.34
CPW_186,2017-10-23T15:06:49+00:00,61824,41.1419,58.4578,1.27519,0.97294,13.2018,21.3725,3.05300,0.09611,72.60
CPW_187,2017-10-23T15:33:52+00:00,94912,58.4578,58.4578,0.00000,1.00000,12.3610,21.3974,3.18388,0.06392,101.32
CPW_188,2017-10-25T00:45:52+00:00,278848,16.1485,16.1488,0.00000,1.00000,16.1494,16.1499,0.00001,1.00000,0.17
